,Image,Category
0,./imgset/single-t-shirt\2.jpeg,single-t-shirt
1,./imgset/single-t-shirt\imag.jpeg,single-t-shirt
2,./imgset/single-t-shirt\images-1 copy 2.jpeg,single-t-shirt
3,./imgset/single-t-shirt\images-1 copy 3.jpeg,single-t-shirt
4,./imgset/single-t-shirt\images-1 copy 6.jpeg,single-t-shirt
5,./imgset/single-t-shirt\images-1 copy 7.jpeg,single-t-shirt
6,./imgset/single-t-shirt\images-1 copy 9.jpeg,single-t-shirt
7,./imgset/single-t-shirt\images-10 copy.jpeg,single-t-shirt
8,./imgset/single-t-shirt\images-10.jpeg,single-t-shirt
9,./imgset/single-t-shirt\images-11 copy.jpeg,single-t-shirt
10,./imgset/single-t-shirt\images-11.jpeg,single-t-shirt
11,./imgset/single-t-shirt\images-13.jpeg,single-t-shirt
12,./imgset/single-t-shirt\images-14.jpeg,single-t-shirt
13,./imgset/single-t-shirt\images-15.jpeg,single-t-shirt
14,./imgset/single-t-shirt\images-16.jpeg,single-t-shirt
15,./imgset/single-t-shirt\images-17.jpeg,single-t-shirt
16,./imgset/single-t-shirt\images-18.jpeg,single-t-shirt
17,./imgset/single-t-shirt\images-19.jpeg,single-t-shirt
18,./imgset/single-t-shirt\images-2 copy 10.jpeg,single-t-shirt
19,./imgset/single-t-shirt\images-2 copy 3.jpeg,single-t-shirt
20,./imgset/single-t-shirt\images-2 copy 4.jpeg,single-t-shirt
21,./imgset/single-t-shirt\images-2 copy 5.jpeg,single-t-shirt
22,./imgset/single-t-shirt\images-2 copy 6.jpeg,single-t-shirt
23,./imgset/single-t-shirt\images-2 copy 7.jpeg,single-t-shirt
24,./imgset/single-t-shirt\images-2 copy 8.jpeg,single-t-shirt
25,./imgset/single-t-shirt\images-2 copy.jpeg,single-t-shirt
26,./imgset/single-t-shirt\images-20.jpeg,single-t-shirt
27,./imgset/single-t-shirt\images-21.jpeg,single-t-shirt
28,./imgset/single-t-shirt\images-22.jpeg,single-t-shirt
29,./imgset/single-t-shirt\images-24.jpeg,single-t-shirt
30,./imgset/single-t-shirt\images-25.jpeg,single-t-shirt
31,./imgset/single-t-shirt\images-26.jpeg,single-t-shirt
32,./imgset/single-t-shirt\images-27.jpeg,single-t-shirt
33,./imgset/single-t-shirt\images-28.jpeg,single-t-shirt
34,./imgset/single-t-shirt\images-29.jpeg,single-t-shirt
35,./imgset/single-t-shirt\images-3 copy 3.jpeg,single-t-shirt
36,./imgset/single-t-shirt\images-3 copy 4.jpeg,single-t-shirt
37,./imgset/single-t-shirt\images-3 copy 5.jpeg,single-t-shirt
38,./imgset/single-t-shirt\images-3 copy.jpeg,single-t-shirt
39,./imgset/single-t-shirt\images-30.jpeg,single-t-shirt
40,./imgset/single-t-shirt\images-31.jpeg,single-t-shirt
41,./imgset/single-t-shirt\images-32.jpeg,single-t-shirt
42,./imgset/single-t-shirt\images-34.jpeg,single-t-shirt
43,./imgset/single-t-shirt\images-35.jpeg,single-t-shirt
44,./imgset/single-t-shirt\images-36.jpeg,single-t-shirt
45,./imgset/single-t-shirt\images-37.jpeg,single-t-shirt
46,./imgset/single-t-shirt\images-38.jpeg,single-t-shirt
47,./imgset/single-t-shirt\images-4 copy 2.jpeg,single-t-shirt
48,./imgset/single-t-shirt\images-4 copy.jpeg,single-t-shirt
49,./imgset/single-t-shirt\images-40.jpeg,single-t-shirt
50,./imgset/single-t-shirt\images-41.jpeg,single-t-shirt
51,./imgset/single-t-shirt\images-42.jpeg,single-t-shirt
52,./imgset/single-t-shirt\images-44.jpeg,single-t-shirt
53,./imgset/single-t-shirt\images-46.jpeg,single-t-shirt
54,./imgset/single-t-shirt\images-48.jpeg,single-t-shirt
55,./imgset/single-t-shirt\images-49.jpeg,single-t-shirt
56,./imgset/single-t-shirt\images-5 copy.jpeg,single-t-shirt
57,./imgset/single-t-shirt\images-5.jpeg,single-t-shirt
58,./imgset/single-t-shirt\images-51.jpeg,single-t-shirt
59,./imgset/single-t-shirt\images-52.jpeg,single-t-shirt
60,./imgset/single-t-shirt\images-53.jpeg,single-t-shirt
61,./imgset/single-t-shirt\images-54.jpeg,single-t-shirt
62,./imgset/single-t-shirt\images-55.jpeg,single-t-shirt
63,./imgset/single-t-shirt\images-56.jpeg,single-t-shirt
64,./imgset/single-t-shirt\images-57.jpeg,single-t-shirt
65,./imgset/single-t-shirt\images-58.jpeg,single-t-shirt
66,./imgset/single-t-shirt\images-59.jpeg,single-t-shirt
67,./imgset/single-t-shirt\images-6 copy.jpeg,single-t-shirt
68,./imgset/single-t-shirt\images-6.jpeg,single-t-shirt
69,./imgset/single-t-shirt\images-60.jpeg,single-t-shirt
70,./imgset/single-t-shirt\images-61.jpeg,single-t-shirt
71,./imgset/single-t-shirt\images-62.jpeg,single-t-shirt
72,./imgset/single-t-shirt\images-63.jpeg,single-t-shirt
73,./imgset/single-t-shirt\images-64.jpeg,single-t-shirt
74,./imgset/single-t-shirt\images-65.jpeg,single-t-shirt
75,./imgset/single-t-shirt\images-66.jpeg,single-t-shirt
76,./imgset/single-t-shirt\images-67.jpeg,single-t-shirt
77,./imgset/single-t-shirt\images-69.jpeg,single-t-shirt
78,./imgset/single-t-shirt\images-7 copy.jpeg,single-t-shirt
79,./imgset/single-t-shirt\images-7.jpeg,single-t-shirt
80,./imgset/single-t-shirt\images-70.jpeg,single-t-shirt
81,./imgset/single-t-shirt\images-71.jpeg,single-t-shirt
82,./imgset/single-t-shirt\images-72.jpeg,single-t-shirt
83,./imgset/single-t-shirt\images-73.jpeg,single-t-shirt
84,./imgset/single-t-shirt\images-74.jpeg,single-t-shirt
85,./imgset/single-t-shirt\images-75.jpeg,single-t-shirt
86,./imgset/single-t-shirt\images-76.jpeg,single-t-shirt
87,./imgset/single-t-shirt\images-77.jpeg,single-t-shirt
88,./imgset/single-t-shirt\images-78.jpeg,single-t-shirt
89,./imgset/single-t-shirt\images-79.jpeg,single-t-shirt
90,./imgset/single-t-shirt\images-8 copy.jpeg,single-t-shirt
91,./imgset/single-t-shirt\images-8.jpeg,single-t-shirt
92,./imgset/single-t-shirt\images-80.jpeg,single-t-shirt
93,./imgset/single-t-shirt\images-81.jpeg,single-t-shirt
94,./imgset/single-t-shirt\images-82.jpeg,single-t-shirt
95,./imgset/single-t-shirt\images-83.jpeg,single-t-shirt
96,./imgset/single-t-shirt\images-84.jpeg,single-t-shirt
97,./imgset/single-t-shirt\images-86.jpeg,single-t-shirt
98,./imgset/single-t-shirt\images-87.jpeg,single-t-shirt
99,./imgset/single-t-shirt\images-9 copy.jpeg,single-t-shirt
100,./imgset/single-t-shirt\images.jpeg,single-t-shirt
101,./imgset/single-t-shirt\imah.jpeg,single-t-shirt
102,./imgset/single-t-shirt\imaj.jpeg,single-t-shirt
103,./imgset/single-t-shirt\Unknown copy 2.jpeg,single-t-shirt
104,./imgset/single-t-shirt\Unknown-1 copy.jpeg,single-t-shirt
105,./imgset/single-t-shirt\Unknown-1.jpeg,single-t-shirt
106,./imgset/single-t-shirt\Unknown-10.jpeg,single-t-shirt
107,./imgset/single-t-shirt\Unknown-11.jpeg,single-t-shirt
108,./imgset/single-t-shirt\Unknown-3.jpeg,single-t-shirt
109,./imgset/single-t-shirt\Unknown-5.jpeg,single-t-shirt
110,./imgset/single-t-shirt\Unknown-6.jpeg,single-t-shirt
111,./imgset/single-t-shirt\Unknown-8.jpeg,single-t-shirt
112,./imgset/double-t-shirt\images-1 copy 10.jpeg,double-t-shirt
113,./imgset/double-t-shirt\images-1 copy 11.jpeg,double-t-shirt
114,./imgset/double-t-shirt\images-1 copy 8.jpeg,double-t-shirt
115,./imgset/double-t-shirt\images-1 copy.jpeg,double-t-shirt
116,./imgset/double-t-shirt\images-1.jpeg,double-t-shirt
117,./imgset/double-t-shirt\images-12 copy.jpeg,double-t-shirt
118,./imgset/double-t-shirt\images-12.jpeg,double-t-shirt
119,./imgset/double-t-shirt\images-2 copy 2.jpeg,double-t-shirt
120,./imgset/double-t-shirt\images-2.jpeg,double-t-shirt
121,./imgset/double-t-shirt\images-23.jpeg,double-t-shirt
122,./imgset/double-t-shirt\images-3 copy 2.jpeg,double-t-shirt
123,./imgset/double-t-shirt\images-3.jpeg,double-t-shirt
124,./imgset/double-t-shirt\images-33.jpeg,double-t-shirt
125,./imgset/double-t-shirt\images-39.jpeg,double-t-shirt
126,./imgset/double-t-shirt\images-4.jpeg,double-t-shirt
127,./imgset/double-t-shirt\images-43.jpeg,double-t-shirt
128,./imgset/double-t-shirt\images-45.jpeg,double-t-shirt
129,./imgset/double-t-shirt\images-47.jpeg,double-t-shirt
130,./imgset/double-t-shirt\images-68.jpeg,double-t-shirt
131,./imgset/double-t-shirt\images-85.jpeg,double-t-shirt
132,./imgset/double-t-shirt\images-9.jpeg,double-t-shirt
133,./imgset/double-t-shirt\Unknown copy.jpeg,double-t-shirt
134,./imgset/double-t-shirt\Unknown-2.jpeg,double-t-shirt
135,./imgset/double-t-shirt\Unknown-4.jpeg,double-t-shirt
136,./imgset/double-t-shirt\Unknown-7.jpeg,double-t-shirt
137,./imgset/double-t-shirt\Unknown-9.jpeg,double-t-shirt
138,./imgset/double-t-shirt\Unknown.jpeg,double-t-shirt
139,./imgset/multiple-t-shirt\images-1 copy 4.jpeg,multiple-t-shirt
140,./imgset/multiple-t-shirt\images-1 copy 5.jpeg,multiple-t-shirt
141,./imgset/multiple-t-shirt\images-2 copy 9.jpeg,multiple-t-shirt
142,./imgset/multiple-t-shirt\images-4 copy 3.jpeg,multiple-t-shirt
143,./imgset/multiple-t-shirt\images-50.jpeg,multiple-t-shirt
144,./imgset/multiple-t-shirt\images-88.jpeg,multiple-t-shirt
